,EV/EBIT,Op. In./(NWC+FA),P/E,P/B,P/S,Op. In./Interest Expense,Working Capital Ratio,RoE,ROCE,Debt/Equity,Debt Ratio,Cash Ratio,Asset Turnover,Gross Profit Margin,Perf
3400,6.381478136,0.204089019,10.87582159,1.955388665,1.043913813,507.5,1.683475803,0.179792271,0.205403288,0.746217312,2.340092201,0.489969668,1.896558983,0.315558179,0.055388495
12853,13.06309404,0.32001494,18.03360668,2.593586697,2.29040997,23.01547676,2.739353422,0.143819633,0.143780529,0.619297331,2.614733263,1.01302873,4.911930558,0.512352631,0.112594841
11564,22.9464297,0.049591873,-11.77103725,2.470096396,0.154558016,0.518199211,2.304270869,-0.209845262,0.043381136,6.343013417,1.157653773,0.384641249,9.211404049,0.057980355,0.94733955
6584,9.117307883,0.124919176,12.25490798,100,0.406767157,-200,1.989239015,5,0.115157754,100,1.003976802,0.179304223,7.571731983,0.082256955,0.032850242
2810,-41.56114915,0.418361737,20.87046138,0.850370109,1.098445336,39.27741935,1.379838537,0.040745151,0.039916086,3.682289895,1.271570145,1.117835757,26.5335277,1,-0.015705389
395,9.650435816,0.271880471,14.30251163,2.909278749,0.928175493,-200,1.928061624,0.20341034,0.25361331,0.478288694,3.09078745,0.784057717,5.437883767,0.368617744,0
6787,-16.19496994,0.176582761,-1.807945804,0.638164147,0.213401775,0.700453858,1.633428981,-0.352977476,0,2.961431657,1.337674516,0.175753228,11.32242991,0.265373504,0.671201814
11733,-121.3229024,-0.126043462,-135.4336834,10.27472015,13.89655614,106.1197183,4.276775862,-0.075865323,0,0.242966027,5.115801762,3.851206897,5.845520334,0.639751423,-0.091356809
7382,12.76171363,0.746011487,18.84313154,3.573144841,0.206325166,9.741666667,1.0848902,0.18962585,0.161218259,3.929988662,1.25445366,0.114997425,92.50264951,0.056311172,0.668404588
875,28.08477552,0.16125643,11.53895221,1.453864265,0.013403297,-4.181044268,1.158771049,0.125996212,0.12987287,4.837210965,1.206730698,0.07756745,2000,0.004035759,0.371527778
313,17.2857037,0.454627426,25.55882314,5.808614434,3.788686146,297.557377,1.137597445,0.22726455,0.273510555,3.806422596,1.262713867,0.149630083,15.32963574,0.409274036,0.010099751
5289,18.79147194,0.161409683,28.37340563,3.233713194,2.180825458,-200,3.115355497,0.113969864,0.150153623,0.346399637,3.886839057,0.51222844,2.985501833,0.239120166,-0.149047326
2148,13.14260975,0.199887809,19.36982037,3.288511866,1.053851805,31.37248677,0.909786827,0.169775032,0.165288458,0.883936549,2.131302921,0.330267869,2.366528522,0.430439294,0.362583261
7871,10.82978505,0.341606233,16.50578146,4.058057338,4.195969505,-200,2.504021918,0.245856723,0.219471596,0.919985744,2.086973366,1.878553425,6.673814465,0.688160031,0.090133702
4904,34.87907153,0.167883713,45.41677817,4.688927926,11.59130248,2.431139042,0.07066933,0.103242196,0.151793748,1.677689339,1.59605791,0.036166153,0.16778477,0.813786352,0.272445272
1167,23.14953817,0.057388678,51.65348899,0.767879328,0.62437473,2.538461538,1.31765378,0.014865972,0.026320428,1.299719068,1.769397037,0.293848791,1.041123718,0.182696426,-0.191405538
3005,11.52392563,0.167633279,23.38510426,1.81002429,0.308383287,4.565279361,1.996041997,0.077400736,0.082119523,2.845936728,1.351378156,0.506151003,4.530625841,0.157037929,0.274692308
12112,19.50939062,0.821584376,14.10789761,8.912361091,6.160926209,-200,2.871151676,0.631728507,0.438950181,0.257171861,4.888450295,0.903594456,14.90882796,0.588601748,0.195710456
6453,5.719948319,0.352018665,11.33050293,1.721675836,0.395081396,-60.66800274,2.174895305,0.151950522,0.196169901,0.682939796,2.464257912,0.797606453,47.71115457,0.136115097,0.10417812
285,9.409118939,0.277056354,15.14520599,3.370503973,3.905358372,800,5.406647116,0.222545931,0.245054763,0.352879333,3.833829888,4.177009854,5.842410587,0.651609649,-0.034883721
8334,14.77007445,0.467522667,21.13691452,4.427748423,1.674641117,-200,1.726281957,0.209479412,0.179791646,1.487672355,1.672191022,0.636277979,20.02887139,0.515939767,-0.132022472
7670,9.276101232,1.193414118,88.68855114,1.769528169,0.645830419,-200,3.273842799,0.01995216,0.062706054,0.763127697,2.310396679,2.406700367,76.02130045,0.511294628,-0.069478908
8871,32.12429048,0.133270134,112.283125,1.978500672,3.5815247,-114.0566038,1.682799612,0.017620641,0.046818702,0.609285163,2.641267606,0.459606987,0.486081047,0.64773198,-0.164426877
4656,20.16291492,1.229871492,27.19406675,1.676420385,2.137748756,5.4088812,1.286527222,0.06164655,0.061067576,1.160494392,1.861701709,0.259920025,13.19384615,0.309371113,-0.01216
1528,20.58862357,0.16549385,29.06388693,2.966038134,3.241615954,-200,5.076231221,0.102052356,0.096478295,0.554989051,2.80183735,3.09690897,22.03265447,0.615181779,-0.173564753
11805,17.42385457,1.698304751,34.84039026,11.55068348,1.458750822,-200,1.237075718,0.331531403,0.498736006,2.088697631,1.47876724,0.672025364,29.37255937,0.889797165,0
2775,22.09485219,0.099029609,49.46274005,3.040683847,1.5479764,3.009451796,2.751865672,0.06147423,0.067564047,2.701410884,1.370176935,0.136567164,1.198840172,0.239372618,-0.151000801
11737,-22.99269648,-0.09759942,-22.83383338,2.72367377,5.363824796,-4.583878262,8.659000591,-0.11928237,0,0.474901483,3.105699887,6.907269993,3.01650349,0.671214843,-0.109131403
12087,11.81648393,0.499206674,18.72053056,4.552781291,2.697425138,-200,1.814107465,0.243197236,0.31494862,0.759626402,2.316436603,0.657148115,8.384685299,0.433820673,0.37316869
2183,192.3557838,0.123792192,276.2617341,27.73031682,9.058561764,-200,2.943442341,0.100376974,0.125489261,0.550088064,2.817890746,2.555938038,15.50399061,0.951675827,0.415878378
2966,73.26604839,0.686893876,68.89855959,24.5462852,2.485614035,6.053724054,1.044846917,0.35626703,0.038298201,14.97547684,1.066775837,0.200733075,6.810366427,0.598537628,-0.406946265
8219,35.44175498,0.203776509,56.41457363,5.236940677,6.895679664,-77.5,8.13735348,0.092829571,0.133334823,0.120087248,9.327278825,3.989639464,5.802244607,0.471489937,0.682054086
10898,18.85689639,0.152473911,49.51852575,2.901063197,3.043822487,2.899477545,0.118355485,0.058585411,0.102415423,2.028579772,1.492955719,0.077743322,0.341774368,0.543514783,-0.100694444
2666,-4.638814567,-0.113787103,-2.771787788,0.488433763,0.642941428,-3.282576597,1.499739302,-0.176216146,0,0.761142913,2.313813717,0.878848992,0.930014566,0.289602721,0.753424658
8464,-3.735919078,-0.877251361,-4.771715763,4.291702919,2.105104066,111.5468208,1.8058912,-0.899404561,0,0.978661858,2.021803386,1.515490328,6.72284679,0.375448004,0.085778781
2457,-0.220862197,0.142761837,1.912892517,0.161284974,0.228403899,29.58029839,5.371136485,0.084314708,0.112004716,0.151852055,7.585357048,1.64184005,5.900281027,0.394737837,-0.192088853
3405,5.894615385,-0.018798231,0.130736865,0.003896976,0.004615663,800,1.351945655,0.02980778,0.019738741,0.719064762,2.390695321,0.444967998,0.689637784,0.285857225,0.294502159
12861,-9.21360684,0.267047817,-8.46412,1.979418217,3.285267191,14.31197772,2.097957046,-0.233859895,0,0.565277086,2.769043933,0.335882661,4.558675799,0.548029248,-0.141458297
3289,-2.817065123,-1.685594254,-3.602079859,8.019768646,500,92.13333333,2.871963563,-2.22642722,0,1.22210718,1.818258837,2.645748988,0,0,-0.804580153
2797,4.990837214,0.145794513,13.20872332,1.425357243,1.464462808,15.8988989,7.527457655,0.107910296,0.128109506,0.490048953,3.040612463,5.817420906,22.9889256,0.39362225,0.029829029
6911,7.080258315,1.057037612,2.640555871,-3.332809708,0.222164848,1.726902842,0.908189345,-1.262162162,0.161507244,0,0.940719766,0.082337277,5.891549692,0.639062055,0
11474,36.68783082,0.617059891,54.73306195,10.995264,9.927505618,37.77777778,1.934383202,0.200888889,0.211231653,0.731555556,2.366950182,1.477690289,6.38974359,0.967897271,-0.233616219
3027,63.10669857,0.101083988,-64.66542877,1.659215624,4.616835995,1.07130386,0.051626974,-0.025658465,0.050068017,1.6994105,1.588439344,0.022114668,0.149229784,0.612704203,0.49009247
12238,43.86172266,0.178282964,108.1978643,1.786611354,1.688446728,2.094520759,1.704477544,0.016512446,0.026647607,1.205405724,1.829596193,0.922376421,16.40348891,0.620526496,0.434223541
6225,17.32754616,0.718537478,28.21427153,-9.577893136,1.253660866,3.984277124,1.312661115,-0.339469801,0.279023698,0,0.821254795,0.524975257,25.55163896,0.262163389,0.2804
1824,2.50941415,-0.368009435,-0.321107731,0.118587365,22.35476471,800,14.64649957,-0.369307101,0,0.081584572,13.25721935,14.47947277,0.263975155,1,0.203033437
2467,11.48217292,0.273639862,14.52923437,3.291934872,6.03262626,-200,8.279205782,0.226573183,0.247428267,0.075198597,14.29812044,6.490146774,8.455606644,0.772346229,1.264486889
4988,13.03668622,0.313395872,16.67707152,2.893361095,1.796910051,-200,2.76405317,0.173493355,0.135036365,1.031139639,1.969800754,1.237350361,12.30916722,0.381063388,0.372307692
3897,29.36777231,0.127626706,69.36775902,2.115512158,0.555321612,1.242097147,1.544021025,0.030497052,0.059231545,1.383901738,1.722594656,0.009540439,15.82205996,0.275235632,0.158145065
1344,13.1999263,0.073906761,16.02051748,1.333810304,1.234276695,2.978526777,0.87900822,0.083256381,0.066016465,2.269425015,1.440640247,0.132046567,0.45020383,0.187495838,0.141604855
9144,8.100019829,0.055851837,15.5316962,0.650544007,0.10039994,2.23823006,2.335277423,0.04188493,0.056538799,1.782429657,1.561031958,0.570908662,10.06070472,0.365939366,0
12727,14.1534423,0.127259852,27.58338837,2.32074181,1.415418426,59.42054575,3.461792821,0.084135487,0.12122701,0.282849331,4.535451181,2.249126404,4.019143882,0.348689146,-0.101639344
9975,9.266777377,0.22579823,10.30543814,1.39556708,0.56617592,11.30510441,4.698898584,0.135420451,0.126425985,0.7191794,2.390473644,0.18337863,6.667726458,0.284494343,0
5839,-3.082127384,0.096338665,0.019078492,0.001031433,0.000810423,66.22815534,3.322235391,0.054062618,0.081311998,0.394373263,3.535668854,0.768667169,15.67639645,0.285554242,0.459459459
12806,-2.203680555,0.003607063,-3.113907778,3.267486765,5.529769995,0.143411938,2.628667998,-1.049320339,0,0.915271867,2.092571548,1.900621118,0.529904986,0.642112626,0.498147719
4930,8.730570571,0.41307815,14.23754331,2.229003945,1.177192708,45.04347826,2.688566553,0.156558185,0.181867832,0.643244576,2.554618628,0.648464164,14.51795841,0.29375,0.016830295
10526,15.73372336,0.092960819,22.05145228,1.973831379,0.924932869,16.53731343,1.820910624,0.089510267,0.081093904,1.194991245,1.836826214,0.257419899,2.852077719,0.260815515,0
9589,197.7644655,0.047711164,-1.621474603,-0.490909608,0.032005864,0.427944618,2.072291482,0.30275504,0.006102088,0,0.827885274,0.047614276,11.19380914,0.265848256,0.093599228
3875,-13.34847584,-0.742683827,-13.85391304,12.53809454,15.73530864,-32.35714286,4.320245885,-0.905021888,0,0.265128785,4.771751902,3.114085531,4.515469665,0.378600823,-0.18452381
3032,23.47535796,0.092446316,22.43434282,2.216380672,8.181448429,2.221450699,0.06896851,0.098794098,0.131538083,1.04427299,1.957604007,0.049852985,0.155369154,0.643292793,0.003915215
4563,5.503314235,0.130928505,6.936986933,1.008832998,0.968973588,4.904761905,3.220186242,0.145428124,0.116697097,1.359490275,1.735569808,1.266746771,0.665048197,0.278237062,0
1874,-1.847730098,0.176094681,-1.199782394,0.647538887,0.137512208,5.419755482,1.49800104,-0.53971361,0,1.220711894,1.819194115,0.039002092,19.80120769,0.252871983,0
4849,32.54847626,0.342557121,64.70951956,4.965105931,2.25297835,-200,1.144735466,0.076729142,0.121773392,1.34959252,1.740964391,0.575325955,9.69919811,0.595596388,-0.137064071
12644,16.15848728,0.090060052,17.12836916,0.736202948,0.780759744,7.583396226,1.916651368,0.042981497,0.037622448,1.150549665,1.86914979,0.0953736,1.214524335,0.192210197,0.021149242
4353,14.10525129,0.926841993,26.75764075,6.949038833,3.820785545,8.569939463,8.517948367,0.259702972,0.166302071,2.225167639,1.449404343,8.517948367,27.84850039,1,-0.000944287
3676,8.989534329,5,10.6037161,8.98932045,0.783843304,4.816702679,0.656244857,0.847751898,0.207920782,9.333674601,1.10713894,0.052619236,11.03635558,0.62447264,0.057999033
7419,48.21674497,1.28754717,42.64830621,2.806009915,2.729373144,-200,0.613026288,0.06579417,0.037944865,1.44053143,1.694188255,0.120760214,3.15020051,0.390695521,-0.018452646
6060,76.62617508,0.04890447,161.0474522,4.564671503,3.292645256,2.858546785,3.739180066,0.028343643,0.040356696,0.697456148,2.433781898,1.870711463,8.19065542,0.431541779,-0.127410871
1062,10.52432711,0.604696872,14.2486947,4.363941193,1.84532926,15.95475307,2.104279557,0.306269541,0.263541679,1.187802734,1.841890637,0.338651801,9.394281816,0.324165735,0.336826347
8303,11.4870432,0.259683006,17.58563713,3.439217516,1.763743031,412.3333333,3.257728894,0.195569685,0.228222524,0.478412471,3.090889603,1.529726516,9.841614907,0.462816872,0.338586156
6589,-7.131900961,0.030281182,-1.51075194,0.369073247,0.142485676,0.640898528,2.403869625,-0.244297715,0,1.606521219,1.622462989,0.490666683,2.301924484,0.169348191,1.722365039
4945,11.47706294,0.547272915,15.92441738,8.234567053,1.264253664,353.8666667,1.241939592,0.517103192,0.318249258,4.125089452,1.242418985,0.173228748,9.19559507,0.203871762,0.455139766
9690,42.48933384,0.321788777,25.83630138,15.56480606,14.06202352,10.10314762,7.373965148,0.602439406,0.239822321,0.670559706,2.491291514,1.883797004,3.628143917,0.938733109,0.932678571
3050,8.918210725,0.427815154,12.57688073,2.501605839,1.050482759,10.86554622,2.101082402,0.198905109,0.134257082,1.899635036,1.526416907,0.634601955,9.929347826,0.348257617,0.512867647
12037,6.647563835,0.789052275,14.42945681,2.86900276,3.495084913,-200,2.084209011,0.198829575,0.351352588,0.369968598,3.702932099,1.334964733,3.161627268,0.938735292,-0.125167535
7745,24.72712908,0.139090461,38.01850562,3.594383659,4.652262283,25.62096774,3.815323261,0.094543002,0.107332644,0.452574185,3.209582502,1.934964338,1.236662032,0.250521519,-0.137054396
2098,-5.233550301,-0.041203726,-3.617962348,0.310218307,0.124287698,800,6.186196279,-0.085743929,0,3.791984911,1.26371413,1.825365161,41.30660554,0.13438403,0.22815534
10807,-10.48702669,0.170132107,-8.982976907,1.227281856,3.476765526,-200,4.901006931,-0.136623067,0,0.103136195,10.69591709,2.680266771,0.833213548,0.875091763,0.637614679
9068,22.78267181,0.460599176,27.05462423,2.896598818,3.854028167,-200,1.490033336,0.107064833,0.064855816,1.575171544,1.634851489,0.792230764,3.548670638,0.802501484,0.133266866
7089,-500,-0.258295082,62.6462471,1.970686744,6.299081266,-200,0.895774749,0.031457379,0,0.219476563,5.556295158,0.566905046,10.74056471,0.794700066,-0.316384647
12856,20.57436548,0.510833675,19.72175642,2.75482964,2.116094414,8.476762804,1.197585635,0.139684802,0.091784507,1.210456989,1.826134269,0.086369613,4.763958321,0.531475067,0.044831591
5903,19.72943004,0.278842844,13.93263046,3.628646719,1.199210724,14.09215746,1.891401363,0.260442328,0.111690944,1.572794124,1.635811124,0.467283879,19.0777196,0.153624377,-0.307333333
11505,12.01947657,0.275054865,16.16942325,1.89690827,0.526581392,-200,2.274532808,0.117314529,0.12790744,0.810973833,2.233085408,0.00544708,13.15568799,0.235286029,0.029060941
3163,13.88051946,0.070594457,17.16832411,1.628363669,2.587372481,2.048527763,0.698201513,0.094846979,0.084917588,2.220417903,1.450365672,0.174278565,0.247487017,1,1.071848739
11078,14.02422135,0.279003287,19.03014666,4.788117594,4.062314215,-200,5.013833127,0.251606973,0.288110311,0.209641837,5.770040255,3.494172324,5.211523206,0.398567651,0.156881617
12017,25.4143617,0.015407855,77.81041667,1.024382885,0.936065163,0.476635514,2.169916435,0.013165112,0.029411765,0.950082282,2.052540416,0.816155989,1.615384615,0.538596491,-0.162266727
8013,-5.526118383,-0.271112003,-2.566318115,25.31048292,0.313112023,-8.215209125,2.125573505,-5,0,54.95823842,1.018195634,0.499248178,9.993429081,0.503879391,-0.767647059
4417,53.36045583,0.419469613,60.28574374,32.62793645,20.54842434,19.11257057,4.210072067,0.54122143,0.309662226,1.299591874,1.76947234,3.366944517,17.57670046,0.96670328,-0.251006711
9583,17.85274593,0.057139165,20.47850326,2.568253332,0.758844957,2.829649089,0.86301628,0.12541216,0.064028561,3.799765278,1.263174151,0.050004102,0.900994896,0.205599378,-0.416141101
9367,-41.17452897,0.385231882,-25.0397337,3.431541282,3.44244525,16.82000957,1.649437022,-0.137043841,0,0.856303904,2.167809694,1.225858701,8.089831354,0.837884645,0.790780142
3254,8.764874136,0.057235345,46.16963921,1.198889321,0.926752097,1.669704279,1.959348088,0.02596705,0.053849491,1.336552255,1.748193718,0.964533753,0.717311617,1,0.558508615
11145,11.2077659,0.202596827,22.42674596,2.260257137,0.542765568,46.89301503,2.793036035,0.100783999,0.114169365,0.80338594,2.244731767,1.140520976,23.88698836,0.267993494,0.391649049
2952,-8.254553933,-0.906501223,-7.875137902,17.24047057,34.98532104,-9.190697674,4.577720207,-2.189227768,0,2.001237094,1.499690918,4.308133145,51.01970443,0.986192913,0.112947658
5034,83.50539903,-0.509146341,-179.7013273,4.152761765,1.604562963,0.875874126,0.739027096,-0.023109244,0.016279162,4.303501401,1.232434016,0.45373158,7.9995671,0.488283998,0.619816909
2151,15.31918745,0.223176575,22.10111695,4.375731175,1.225972301,29.05615881,0.643573007,0.197986879,0.187116134,1.095606238,1.912736679,0.125216289,2.35443868,0.434045555,0.193358224
7622,11.63394696,0.578705166,19.02376563,3.430472504,3.802736268,-200,4.495776631,0.180325629,0.265559719,0.154411932,7.476183454,1.687236039,5.452243325,0.593472334,0.192086649
10585,20.51273101,-0.699258587,22.67495938,-14.39337289,1.029524509,-200,0.308710617,-0.634769512,0,0,0.811019031,0.003298763,7.448171725,0.605886751,0
3578,11.92939817,1.061325207,18.68635153,2.997386179,1.498862817,6.799893193,1.222131502,0.160405105,0.159912379,1.318212237,1.758603184,0.20734331,8.240939107,0.412899218,-0.170243463
2253,10.9481772,0.179915644,14.89602668,6.627832827,0.528175305,3.420576401,0.763238658,0.444939645,0.167597777,5.742966438,1.174126039,0.154095649,2.394689589,0.689826015,-0.095246937
9623,-17.97162184,-0.026938393,11.44099372,3.472802032,1.446771164,-0.628415301,2.393434343,0.303540244,0,0.744086363,2.343930019,0.7,10.01324503,0.758333333,0
12558,17.92947515,0.101754829,24.5461386,2.838983851,2.816608744,3.166994106,1.242091672,0.115659082,0.075862675,2.275481352,1.439467456,0.541639768,0.48399819,0.532994924,0.22663898
5383,15.82110654,0.06302536,21.10512676,1.216450277,1.796575813,2.659809333,0.725346729,0.057637667,0.054464567,1.905858477,1.524697931,0.012340286,0.288857591,0.72112541,-0.028236915
517,11.20790047,0.306982143,17.48863672,2.720147627,0.839204483,800,2.998291989,0.155538003,0.218785294,0.39374025,3.539745429,0.297535584,29.57811468,0.277382034,-0.007617871
4331,12.00706338,0.369455943,12.30335678,2.124090226,1.799917663,10.15853659,1.642758621,0.172643146,0.131152897,0.886813187,2.127633209,0.215763547,5.826384923,0.325818467,-0.018257059
12252,4.736331261,0.145225795,7.559471676,9.286506364,9.229906785,1.580191162,3.336775888,1.228459708,0.566046984,2.61309522,1.38268793,3.157384639,3.575985582,0.769789796,0.082621083
11936,13.86103859,0.144443341,21.21162107,4.50475577,4.502722632,10.41833811,0.987912088,0.212372065,0.143323476,1.795404375,1.556977589,0.367307692,0.395741134,0.573892984,0.196408634
3750,19.39935994,0.873217116,16.76310096,4.59384058,1.744234617,9.107438017,1.086407767,0.274044796,0.092595175,2.601668863,1.38436867,0.148543689,5.112531969,0.583291646,0.524731183
1773,-57.12905785,-0.52404227,-60.82092378,7.29552065,13.07627014,33.20075758,1.403022633,-0.119950836,0,0.452271474,3.211061404,0.838147707,13.86412405,0.765656862,0.044614691
10990,23.56904027,0.411296034,26.38926421,1.880481977,1.188177257,6.308214528,1.241223733,0.071259356,0.053101338,1.403182908,1.712665465,0.153337454,7.364736913,0.358482942,0.214136704
10363,12.91661879,0.154685279,21.66323814,100,0.305477479,60.54107338,3.748403198,5,0.102447701,100,1,0.006414937,39.07258817,0.223395283,-0.000322581
4437,15.71577505,0.416594581,21.77033842,6.770773268,1.653698432,-41.58946379,2.061151353,0.311009096,0.401256213,0.667518061,2.498086806,0.696192228,16.14418623,0.321977817,0
8592,9.75396204,0.10694993,14.93355864,2.422017962,0.812027099,1.898097858,1.699585826,0.162186256,0.081284938,3.947838802,1.253303149,0.792347787,1.712267438,0.592839397,-0.332068311
8552,17.24974212,0.070415599,17.86813777,1.688455908,2.225006563,2.884507287,0.501855742,0.094495349,0.058250621,2.290076579,1.43666662,0.020973389,0.299125335,0.692938889,-0.005290072
1569,16.40245713,0.48818959,28.74297464,7.002820246,0.9373454,247.1973684,1.179679356,0.243635891,0.166135136,3.246344812,1.308038751,0.561621554,21.77792201,0.165686499,0.315416667
3937,11.31656709,0.166721697,16.30778484,1.115805785,0.755468359,26.43651832,4.493970585,0.068421665,0.088768897,0.371179571,3.694113786,0.144798903,5.804467268,0.23270966,0.005817712
10551,-5.243029586,-0.148716747,-10.06459646,1.867109654,0.662871896,800,3.020798669,-0.185512619,0,0.744831028,2.342586388,1.788269551,15.8535313,0.79365682,-0.456140351
2249,15.49736036,1.679579591,24.99444492,19.7363172,8.07576465,800,2.758463181,0.789628146,1.04271681,0.481977315,3.074786444,1.381853318,10.51267396,0.88878015,0.31614786
2503,18.80547114,0.224876707,30.48477069,2.628841949,0.472001177,3.111521873,2.215494842,0.086234598,0.085375499,2.084649188,1.479697018,0.02379198,19.28555901,0.256678429,-0.219420601
7172,18.66501434,0.354310594,26.42399485,7.156349589,8.564898608,77.05874921,1.751964392,0.270827694,0.303626323,1.068370657,1.936004741,0.531026551,1.979424733,1,-0.006555905
3146,7.26250311,0.32879662,11.48816279,1.789467268,0.74877576,404.65,3.103427011,0.155766183,0.244971352,0.34594051,3.890670426,0.029953308,106.2547425,0.252078657,0.316666667
6614,11.47229527,0.107173982,15.03368061,1.377011214,6.425081725,2.355052662,0.06156264,0.091595082,0.125624156,1.023852129,1.976703541,0.025803663,0.125913151,0.71791748,0
9739,51.53838494,0.021160007,66.26252672,1.604461568,14.40977797,2.187086874,4.042198597,0.024213709,0.026123876,0.460726998,3.170482746,3.934490872,0.085430184,0.756835487,0
5178,14.97570093,0.07302657,18.05377147,1.281556486,2.653276259,11.1092437,2.938521677,0.070985527,0.062419788,0.512325717,2.951883278,1.634683724,0.720351044,0.400943914,0.473333333
5835,8.499545244,0.234640671,8.225550769,1.944928338,0.570061627,9,1.836126629,0.236449618,0.135919268,1.893052019,1.528247502,0.211049038,3.061031332,0.215907879,0
3387,11.79343131,0.434080475,18.61159843,2.25274026,0.674217307,15.78978389,1.641815235,0.121039591,0.143116878,0.885339238,2.129510539,0.270794165,14.71398723,0.187620798,0.45674939
8511,40.97254772,0.191317278,103.9941918,5.521226939,4.019980606,2.496309823,2.372990181,0.053091686,0.079748131,1.242327172,1.804940939,0.63358722,5.300301888,0.750444845,-0.350258777
9061,10.33357267,0.512161886,13.22680158,1.856425355,2.219438463,-200,1.594875782,0.140353308,0.11586779,0.924974021,2.081111444,0.878633048,3.634831038,0.832035779,0.011335013
11815,6.993227063,0.78340305,9.355681408,7.329382746,2.714975517,-200,3.964851721,0.783415171,0.768891699,0.63218303,2.581820378,2.327834462,79.06888839,0.427144946,1.920869565
7861,16.12122287,0.863156008,23.10188355,4.580816773,6.585408998,10.88720979,1.627063809,0.198287588,0.176159653,1.011771784,1.988365179,1.075885154,10.59463826,0.722455552,0.263335704
11473,41.70392847,0.626865672,60.365634,14.30630632,13.09519044,29.4,2.592592593,0.23699422,0.23902439,0.702890173,2.422697368,1.983539095,11.52439024,0.980952381,-0.18124193
4266,3.863337376,2.081239305,8.689014078,1.256309267,0.238209528,2.905862529,0.737225813,0.14458594,0.237074994,3.118595472,1.32065717,0.396961913,5.977786219,0.540364733,0.547905325
10938,-4.532057747,-2.126185605,-4.18100402,2.642906552,1.817889959,-15.16764646,1.154279378,-0.632122461,0,1.935466652,1.516671263,0.45613892,8.806833364,0.529283894,-0.465454545
2337,32.06210186,0.13158352,78.69973883,-15.1413096,4.337016094,1.894280149,4.652117333,-0.192393391,0.130251917,0,0.832365793,3.666232887,1.385980151,0.577991246,0
10757,-8.190396206,-0.353576389,-7.461126618,1.780130864,2.330970959,-4.488869297,2.496954534,-0.238587408,0,0.968687898,2.032324241,1.833645521,177.0762527,0.829664854,0.11130137
4771,11.7928922,0.199309265,16.572912,2.51921434,0.520983484,6.485166317,1.378931169,0.152007948,0.154752931,1.07324825,1.931750879,0.230231423,6.845298257,0.441131639,0.059275521
3668,14.59417178,0.538006466,23.4308417,8.509058456,1.725553126,269.6896552,2.081583477,0.363156329,0.447699702,0.731816154,2.366463415,0.496213425,8.034048225,0.358690898,-0.018644068
4548,37.50614608,0.011890562,19.75130029,0.254873088,3.364498457,4.923286428,6.711812209,0.012904117,0.011855819,1.104503195,1.905384434,6.711812209,0.040372105,0.491989479,0.207568169
2290,128.6150041,0.118280217,-39.70280504,5.049169937,6.571281308,1.211219817,1.2364789,-0.127174136,0.014984977,3.282026459,1.304689804,0.255238894,0.383897013,0.69053601,-0.030429733
7955,89.5144981,0.022093594,-500,1.166660814,0.313519105,2.337181337,1.637759389,-0.00056866,0.011453356,0.821049132,2.21795391,0.200044754,14.91776914,0.067642915,0.346289753
8326,-12.90017461,-0.164956652,-15.56012158,3.209482718,9.172614555,-200,14.02574124,-0.206263344,0,0.116297363,9.598647224,13.1819407,6.586634615,1,-0.273885234
11119,16.33626004,0.346628045,17.73489159,1.165803872,2.392003043,2.743680188,0.711437032,0.065735044,0.061213083,0.805320912,2.241741007,0.204635884,2.134967768,0.394783766,0.335957525
10343,-5.916941397,0.171056563,-2.272640722,16.88356806,0.325163611,1.910152526,1.684802159,-5,0,35.35120967,1.028287575,0.082044838,7.928305519,0.160624678,0.312274368
1575,12.87974008,-0.367457432,16.3359143,5.223397515,0.660974691,35.16064639,0.615979776,0.319749322,0.10672154,5.351714173,1.186856018,0.109528123,37.91302596,0.198440945,0
11522,8.456931682,0.946091376,14.80495503,3.802280554,4.310446127,-200,6.072463768,0.256824864,0.414498334,0.072427551,14.80690055,4.247463768,6.919123703,1,-0.038904899
1522,16.04549369,0.165840577,26.23167839,1.186095242,1.434015713,-200,2.916536609,0.04521614,0.061861133,0.253657243,4.94232779,0.664721449,9.330656186,0.594308005,0.123134328
7433,20.16187409,0.257984583,27.15310503,3.620959843,2.278054717,316.5463728,1.486274678,0.133353436,0.140704663,0.718405546,2.391971436,0.708579237,2.625408899,0.233586536,-0.416523011
135,11.844546,0.45707803,14.05749888,3.916428566,2.323616326,17.69651179,1.47021172,0.278600667,0.205338606,1.421368355,1.703547393,0.438204392,4.090161107,0.572872753,0.151728844
12011,16.77100417,0.070304634,30.72261975,1.180671103,1.000686687,3.674476596,1.684101689,0.038430027,0.052759818,0.659372886,2.516592539,0.653063144,1.622701612,0.614326465,-0.066639073
211,14.21399424,0.590063597,14.69192818,52.82315262,2.490282319,310.6444444,2.141807114,3.59538598,0.484438299,10.60106477,1.094330147,0.571659282,15.01136578,0.391983468,-0.401088929
5691,9.995844724,0.780705996,11.2223947,2.410911944,0.780108384,-200,1.096775499,0.214830436,0.146125166,2.052965842,1.487100165,0.221221383,10.71435858,0.239469028,-0.357297949
11002,13.8797626,0.450772879,19.10425279,4.827464231,4.680495028,-200,4.127398146,0.252690555,0.314421748,0.177323373,6.639414495,2.249622764,3.942884802,0.477074638,0.012268371
1704,18.05422705,0.230743677,21.46461177,4.133157228,2.577257297,5.48343752,1.254158243,0.192556813,0.111572624,4.004225695,1.249736173,0.358975779,2.810484753,0.714024514,-0.078508955
12093,15.72404599,0.283554282,19.79485298,4.718520535,3.270398683,-70.66071429,1.738214571,0.238371083,0.225158946,1.0730464,1.93192615,0.614149778,6.568301688,0.414381499,0.134864765
4692,-109.7423641,-0.117617447,-72.20194941,28.23513321,5.282960824,-1.548035968,2.201156171,-0.391057768,0,2.470027697,1.40485376,1.705557838,11.03553922,0.587056574,0.812347188
7197,21.69036374,0.305767668,42.40292327,6.868064911,4.140156879,-200,4.908721181,0.161971496,0.269653582,0.251429591,4.977256596,3.38519402,5.593213862,0.528008468,0.792127158
12762,28.74441553,0.200084557,33.76539207,100,4.377068243,4.553653431,2.039673412,5,0.143657816,62.29404387,1.016052899,1.792771588,1.139121308,0.381095604,-0.411302983
3452,-15.03507035,-0.853242859,-18.71729782,14.25237512,138.0882126,800,4.270119937,-0.761454739,0,0.314786302,4.176758307,3.552928907,9.818181818,1,-0.312739783
588,16.23070013,0.070053777,12.39925556,1.040381232,2.569313864,2.810955723,0.563320411,0.08390675,0.054707606,3.091211267,1.323497786,0.509565223,0.113084832,1,0.399647887
4628,15.56783538,1.001739368,23.00837863,8.120352589,4.829561619,-200,1.485340511,0.35293024,0.365683995,1.02683175,1.97386938,1.089036108,14.90193875,0.832756626,0
6675,37.44552617,0.088071463,121.5573333,1.588819917,3.839422441,1.853466762,0.702754399,0.013070539,0.029404764,1.831742739,1.545928191,0.136572303,0.321751194,0.693472375,-0.141774892
10941,4.422648475,0.598691805,4.553301887,3.726494138,0.872317424,13.35622318,1.858068316,0.818415785,0.464232489,1.889905633,1.529126948,0.623674912,6.540718039,0.313541736,0.224703892
4819,-7.203616483,-0.500455529,-9.180502778,5.179126639,500,-54.4520222,7.658013376,-0.564144118,0,0.718533615,2.391723337,7.51424325,0.435432231,1,-0.196470588
5757,14.32275225,0.529822076,26.5290149,2.9477836,0.864958074,23.95207889,1.444346451,0.111115456,0.15986153,1.150660951,1.86906573,0.061738969,33.23069272,0.272767425,0.123414672
5557,10.03256649,0.341113427,17.26244292,3.911064995,1.390540851,403.2286689,3.481008568,0.226564978,0.337297871,0.392929389,3.544986522,0.865576499,9.824437251,0.357732904,-0.254336426
6763,10.90614873,0.186513306,19.38362894,2.465020033,1.013592654,6.014545455,2.021691974,0.127170203,0.173757748,0.686155216,2.457396194,0.348698482,2.346649485,0.369455122,-0.08833857
1319,-35.54858836,0.225522947,-23.4286258,3.099218243,1.415680098,2.752415581,1.70722606,-0.132283398,0,2.030642967,1.492454861,0.605833734,11.59302166,0.34652541,-0.109961686
11015,14.79851337,0.233168311,23.62377778,5.328525517,5.804338426,30.67976751,1.131812398,0.225557723,0.238167317,0.890479725,2.122990195,0.251509168,0.624700224,0.619673276,-0.123612903
853,8.251836664,0.250668816,9.247539604,1.401916871,0.575872635,8.851403792,1.247291661,0.151598904,0.120753063,1.621599352,1.616675135,0.452456225,1.553393703,0.180884639,-0.061630219
6056,-14.27333218,-0.070420971,-24.90548475,1.69363772,1.531103638,20.52517986,4.266127542,-0.0680026,0,0.342729988,3.917748764,2.603160813,8.78144569,0.453808941,-0.202857143
12838,11.93305928,0.224858786,16.16207294,1.69657479,1.205796686,69.845953,0.839598866,0.104972598,0.107722326,0.743814475,2.344421269,0.053239525,1.130436542,0.30958859,0
9100,10.11783505,0.317872505,14.47623233,2.86867858,1.152632856,12.76753712,2.316163074,0.198164724,0.156113566,1.404134335,1.712182571,0.814804693,7.639168232,0.240446866,0.213825889
7241,9.279795022,0.273310131,15.66052932,2.238517397,0.885217689,800,2.604350802,0.142940085,0.188023687,0.478701724,3.088983493,0.714026858,8.987418111,0.400841414,0.141544118
4742,8.770108544,0.316608638,12.49467258,3.104332503,0.42302217,-19.74057894,1.419358944,0.248452489,0.220243283,1.548376999,1.645837545,0.599415963,21.27907908,0.049237755,0.155641026
799,15.53982514,1.116145435,22.15436158,4.012296049,3.050727815,9.882764469,1.323618218,0.181106372,0.171213945,1.047237423,1.954893301,0.179533597,8.694552301,0.353930898,0.254137683
3019,-6.682721287,-1.195406373,-7.352018456,8.202788573,3.453805715,-38.81012658,1.427138666,-1.115719258,0,1.5237529,1.656274387,0.641570944,13.78851659,0,-0.069565217
1506,13.34883049,0.286200272,18.81408365,2.982772459,1.491590577,5.438909111,2.056583991,0.158539343,0.138794939,1.535834089,1.651111996,0.191402344,3.8035155,0.27364468,0.107928506
4434,10.90728443,0.435489138,19.0379847,5.136441703,1.315564245,-69.2336628,2.314177482,0.269799655,0.420666273,0.523853527,2.908930547,0.937800465,12.60973769,0.33064813,0.220935315
8910,45.93349608,0.372423266,77.84385557,16.58400182,7.25759084,24.13104415,1.046188907,0.213041886,0.23438684,7.916888744,1.126312246,0.069706708,3.816864318,0.842098703,0.888099467
9087,11.22487602,0.154804555,13.57637074,1.638275165,0.696553226,3.658423043,4.002251407,0.120671069,0.09767798,0.904285137,2.105845888,1.406604128,4.234352256,0.3418586,3.045454545
6603,27.81893487,0.374403056,45.57855403,4.279095456,2.741724043,2.285714286,1.589586028,0.093883967,0.044027599,4.225921692,1.236634768,0.743208279,4.618181818,0.300036623,0.119602165
8740,-500,0.029181459,85.01421985,3.386932303,2.445969853,-200,1.727335604,0.039839598,0,0.895409697,2.116807204,0.152557684,16.81335838,0.449739934,0.838453039
7579,65.44770437,0.130504404,61.9385581,5.141024472,6.16772964,-200,4.242166397,0.083002004,0.063269734,0.273157428,4.660892578,3.602647218,26.0174359,0.902589979,0.177062374
10082,13.71581865,0.20019819,17.30511331,2.610722929,2.76421869,33.14913252,1.019411399,0.150864249,0.152797444,0.629259453,2.589169611,0.01048206,0.735924206,0.429281994,0
4603,20.50901949,0.251672987,23.90906429,3.437817871,1.95005273,13.58471389,2.266418351,0.143787219,0.140965863,0.605721503,2.650923725,0.231273719,6.269216281,0.333068593,0
1896,14.98057402,0.285875755,16.88860145,3.83246468,1.57659507,28.81609907,2.047796794,0.226926113,0.205978857,0.790342999,2.265273433,0.20715558,3.43103847,0.339108964,0
339,500,0.000827288,-42.84457489,8.742980983,5.654778963,0.060185185,1.881269642,-0.204062732,0.000331269,2.405346999,1.415740432,1.414770585,14.79090372,0.851962781,-0.065813228
11480,42.51093785,0.251718958,58.8058414,4.399089211,4.711058977,193.1150972,2.836884221,0.074807011,0.087799529,0.347256511,3.879715623,0.87678653,25.52546753,0.498865864,0.035743298
7313,14.63522222,0.290427699,10.86841121,8.247659574,1.327913217,3.168888889,1.637268204,0.758865248,0.144086452,5.390070922,1.185526316,0.762098598,6.69789675,0.294033685,-0.004540295
4508,15.86909158,0.398937824,25.34217108,6.538597891,3.354174463,800,4.218069391,0.258012539,0.397020994,0.231767471,5.31466934,0.305035527,4.887499362,0.508209038,0.027777778
11915,10.40569239,0.149213883,17.35607353,1.343095038,0.24356966,13.90050137,2.361790772,0.077384729,0.105919336,0.716229835,2.396199867,0.021895291,15.40379511,0.154070351,-0.305461902
2101,-39.47356426,0.017843393,-13.78557754,1.940926793,0.362611277,-200,8.085287282,-0.140794014,0,7.2593598,1.137753194,2.155291896,75.73982353,0.168349543,-0.007391763
12665,9.856246275,0.7874661,7.45749785,-3.266432088,0.790928259,2.962652855,1.491199345,-0.43800644,0.164766287,0,0.865573343,0.365867264,6.809914468,0.574305814,0.149147727
479,5.174453618,0.456316885,15.34106259,3.687698457,1.598268343,-200,1.67638656,0.240380902,0.365715336,1.202858129,1.831353238,1.491183951,51.48314521,0.217334497,-0.391745112
3445,-67.1216051,-0.032264694,-10.51933106,2.593249944,1.452024497,-2.783687943,2.067472635,-0.246522324,0,0.74708324,2.338538929,0.202581278,1.789166105,0.372675879,-0.392601432
7400,10.26622712,2.476543881,16.77665381,2.112782435,2.302700964,97.66117065,1.326274769,0.125935867,0.176819942,0.312898321,4.195926385,0.089401929,26.23902197,0.389014814,0.144629753
11827,40.97116152,0.022119146,48.59225802,2.484549103,9.167501033,0.975861223,0.211972294,0.051130555,0.040963108,1.262344331,1.792176885,0.062139029,0.137521692,0.669039394,0.187901318
7336,-18.55363965,-0.150819376,-5.235765185,4.387940594,1.130211639,-3.518406765,1.916234913,-0.838070547,0,3.961213721,1.252447878,0.664625573,6.216788809,0.372971585,-0.098381071
8630,-500,0.007604629,-43.43576003,1.842508247,0.166613793,0.260128169,1.292090064,-0.042419155,0,3.343761229,1.299064416,0.267758791,10.05441944,0.288585049,-0.422794118
1500,13.76986935,-3.810383055,22.09652007,-41.21371751,6.546987111,274.1647211,0.835191379,-1.865167791,0,0,0.848346309,0.742776043,29.84796209,0.897085599,0.666217672
5516,3.985876097,1.172892024,4.885751467,5.106480691,0.666137623,10.12952202,1.546476079,1.045178152,0.957349502,2.251546832,1.444139107,0.096172398,49.08418716,0.378166346,0
8060,-2.632005106,-5,-2.461251255,5.944866401,29.67221695,-93.29621518,1.662154451,-2.415383797,0,1.543609971,1.647832042,1.149107434,1.250580487,1,1.297777778
9619,-31.35906636,-0.186392048,-45.191806,6.914231595,1.677140015,-12.80985915,2.220902613,-0.152997461,0,0.559070494,2.788683199,0.737925574,8.225988701,0.139707275,0.230569948
8045,17.60082893,0.286783503,21.29548371,2.032801025,1.348382937,2.560299522,1.966964742,0.095456908,0.070624595,2.191016432,1.456409174,0.381925518,4.507014558,0.406822869,0.061324978
10315,-2.151536862,-0.50795262,-4.086005052,2.149821579,15.10108567,800,11.25423219,-0.526142663,0,0.159301002,7.27742441,10.72417425,2.956992527,1,4.662650602
2267,11.98190141,1.160442073,16.69210218,3.147146297,2.239518743,8.297002725,1.276444022,0.18854104,0.14084761,1.647702187,1.606905791,0.087473259,9.585900068,0.419921457,-0.074680387
11784,46.55435282,2.87149824,55.21930965,6.625955272,8.023654342,-200,0.782736424,0.119993446,0.129768457,0.483241856,3.069357172,0.156082556,6.083971739,0.470014272,0.329672447
6117,4.31199549,3.416356877,17.71472729,0.989850135,0.010049092,8.752380952,1.004082693,0.055877244,0.104806022,7.800521135,1.128196563,0.085847901,2000,0.014428729,1.068830442
692,-18.38430546,-0.277458418,-22.22555263,6.176264977,121.3402651,40.87021903,12.23381467,-0.277890277,0,0.12924309,8.737357588,11.71997421,0.494293568,1,-0.308266932
5109,19.20521862,0.668640495,23.51463962,10.66637836,4.850783709,30.33903372,2.41230408,0.453605862,0.362466729,0.958762983,2.043010648,0.440682715,7.210327308,0.533807095,0
9921,18.66514716,2.808696877,25.7072037,3.369511178,4.150953613,11.21935579,1.146686184,0.131072645,0.126018272,0.917470007,2.089953886,0.34117712,27.11567343,0.558451025,0.084929092
1507,14.25812175,0.308675865,18.56847185,2.87081663,1.476566013,6.450395508,2.002346757,0.154607049,0.135433856,1.230471465,1.812696619,0.151043972,4.154413149,0.251866382,0.196665242
3907,16.98335283,0.094292995,23.90604857,1.870079135,0.480819068,2.627172125,3.847279388,0.078226192,0.073051654,1.608289561,1.62177858,0.450337028,7.363608326,0.180742399,0
4501,138.7515974,0.02304956,156.9806536,2.054955198,1.917400526,100.9473684,3.247869733,0.0130905,0.011291321,0.344216415,3.905149072,1.369687151,13.26978334,0.565732719,0
2419,12.26560108,0.154295987,23.75469644,1.499785537,0.460074137,2.473983658,3.695902863,0.06313638,0.094694315,1.23467949,1.809926793,0.268982047,10.13910165,0.295657031,1.123529412
9182,9.066924294,0.130568907,23.84570584,0.691358306,0.755814148,10.39776798,3.182521559,0.02899299,0.05426669,0.461090189,3.168773102,1.980459015,1.388792449,0.266032577,-0.122356495
4022,22.88653698,0.193597561,42.06865629,4.279224712,5.650039504,-200,4.191772843,0.101720024,0.168049195,0.113680646,9.796572089,3.805533309,15.55312453,0.694284393,-0.040764331
12855,24.68535369,0.382372554,22.47932427,2.917305656,2.165979187,9.460971976,1.398896244,0.129777284,0.072212734,1.523894316,1.656213485,0.106519646,4.29070835,0.501805165,0.097414469
2099,-6.362155757,-0.061708209,-0.798143357,0.824210354,0.220239425,800,6.492966917,-1.032659542,0,8.968126827,1.111506006,1.276059269,32.83089373,0.108504118,0.266968326
4315,158.188645,0.21371367,-74.66484182,15.21412896,2.261506386,0.351408029,1.017661181,-0.203765636,0.017036134,8.024636952,1.124616229,0.126438922,15.76223837,0.109421536,0.118246236
12285,30.74823429,1.571515892,-43.00180822,2.08268834,1.201926678,1.64913406,1.03651421,-0.048432576,0.032071841,7.121579035,1.140418297,0.112365895,7.24479889,0.752560544,-0.743176856
8236,-0.666359031,-3.457134639,-0.968281845,1.069845896,500,-26.76952435,5.51011386,-1.104891,0,0.329147152,4.038154805,5.284442103,0,0,0.260969977
11118,15.53484473,0.382378624,18.3113228,1.015055308,2.071215626,2.367027027,0.672644014,0.055433205,0.057479708,1.028655088,1.972143153,0.24012006,1.962272659,0.399336142,0.277454056
10303,5.028906676,0.591139675,5.097160572,3.254040515,0.472464441,8.734903886,1.764961036,0.638402591,0.416264122,2.595196871,1.385327222,0.106073668,22.76465601,0.226242434,0
1315,46.62356491,0.285977915,95.33472444,2.651768313,2.238433841,7.655715264,2.439830724,0.027815346,0.03908617,0.961859429,2.039652957,0.323096426,6.351203002,0.396134533,-0.209580838
5203,9.505161201,0.237874846,16.74634324,2.51856595,2.567585505,-200,8.466174357,0.15039498,0.211954162,0.129113177,8.745142835,5.12158505,3.142153697,0.339061735,0.604283529
2858,27.35432315,0.061840367,61.05471097,3.550788049,7.627165668,3.397401728,1.007153176,0.058157479,0.076940455,1.057943203,1.945230327,0.087116711,0.24903878,0.742677555,0.712915962
3955,22.62795892,0.417740666,25.37513922,5.000896287,2.765936567,7.90627451,1.322024632,0.197078575,0.121649897,1.608312211,1.621769824,0.060831031,3.732917914,0.464883692,0.288194178
7666,13.11492768,0.681301042,20.64156104,4.888427265,1.531884574,67.86526367,1.822359694,0.236824495,0.285997998,0.790927318,2.264338679,0.194270974,18.26691698,0.233918764,0.200395755
3199,8.15302798,0.36949174,13.24845926,1.982529459,0.855595891,6.546998942,2.079775376,0.149642266,0.145388368,1.592896133,1.627787324,0.799694897,19.19566816,0.492887777,0.384152457
1722,13.39323576,0.723448638,17.43049152,5.321440562,5.637413877,-200,2.553349513,0.305294923,0.253899645,0.886186369,2.128430807,1.431357642,4.576225118,0.870842359,0.050947522
6903,7.956682281,0.58130819,0.780045548,0.629765178,0.048051691,1.568223137,0.647408598,0.807344108,0.110295433,24.2178542,1.04129185,0.103389903,3.179456245,0.600674199,0.5125
4449,8.582886308,0.778285248,16.22528753,8.119771081,1.097281552,7.570015646,1.409120614,0.500439272,0.475240329,2.081377358,1.48045108,0.515902496,9.152679648,0.362641609,-0.308021807
2928,28.25167057,0.292461832,29.47402521,3.460817432,5.138318841,12.84730539,2.406463014,0.117419233,0.095773764,0.529913723,2.887099649,0.224185812,2.350291177,0.638522674,0.064714112
4359,20.02030382,0.070952898,24.72856233,1.275987993,1.104143874,3.041154372,1.125862905,0.051599765,0.058115076,0.662297203,2.509896155,0.035569225,0.924987613,0.130177929,0.411483254
12010,11.20650917,0.120718363,18.76499535,1.142787034,0.933142016,4.76788826,1.519807162,0.060899937,0.079059442,0.670738636,2.490893689,0.443902424,1.619889457,0.633153531,-0.106184881
3264,12.67780364,0.2521626,21.02226061,2.075338165,1.674190432,15.6461285,4.927319963,0.09872098,0.131024101,0.520328669,2.921862197,0.823337452,4.969638112,0.462319162,0.048009368
12749,13.14343333,0.811881188,15.42341297,1.681197917,1.205082667,6.130841121,0.923076923,0.109002976,0.080353556,2.479166667,1.403361345,0.082228117,3.934942288,0.513866667,0.407168747
245,-18.74722518,-0.064809324,-21.3443699,6.834609675,16.94845127,-4.391963109,15.22422831,-0.320206673,0,0.503998141,2.984134302,15.0936226,5.696466499,1,-0.689984102
7322,13.63159797,0.483123697,20.14619253,4.47597155,2.490375902,-200,2.618730128,0.222174564,0.299206861,0.343935834,3.907519085,0.919799595,23.59217405,0.66612744,0.284518828
5558,7.288009178,0.332147136,12.11787063,2.55852347,0.906208838,383.5753425,3.001828089,0.211136391,0.323553881,0.373649862,3.676302338,0.34572174,8.44817887,0.352787179,-0.213721062
8563,22.61345155,0.750908902,25.52030969,5.197893687,1.683529422,11.96854305,1.213703272,0.203676748,0.112774558,2.538896976,1.393871831,0.105580854,10.24324808,0.384738956,0.274226208
8642,14.50222036,0.699126556,22.37876114,8.763435902,2.912471482,-200,2.33561753,0.391596114,0.542036041,0.563497327,2.774631309,0.657928287,16.19529609,0.543204274,0.347902663
4055,-20.00205394,1.54670096,-11.64017834,2.567150576,1.049823238,-200,2.486255002,-0.220542203,0,0.45164539,3.214126439,1.922990612,18.63869295,0.974988451,-0.037974684
11806,7.333272948,1.503184713,12.04301891,0.598873528,0.72171938,157.3333333,0.77619532,0.049727857,0.0701343,0.403760515,3.476715686,0.046795524,6.280898876,0.601371497,0.052655266
12699,7.909936023,5,6.072155843,-0.833723995,0.714033175,4.439539124,0.912974958,-0.137302799,0.41077779,0,0.487740115,0.504762593,19.80566788,0.580649988,-0.192395786
821,17.08589964,-1.247491639,29.38963107,2.798088472,4.840534539,5.328571429,0.596533656,0.095206655,0.139455923,0.668770633,2.49528097,0.315464195,23.71397616,0.567114401,0.173605908
5621,-0.642092853,0.326719517,0.007892873,0.001755579,0.001796179,45.05279503,1.476794779,0.22242582,0.291112315,0.443714944,3.253699167,1.134336476,0.972353363,0.510060119,-0.195939086
4764,31.79127737,0.12766111,51.91781158,3.741047237,1.621079538,4.722352258,2.204625454,0.072057106,0.062962089,1.77958369,1.561929178,0.573263026,6.282070363,0.309924215,0
1266,3.391928671,0.302952145,5.10579537,1.424036274,0.544168145,248.3428571,2.780515924,0.278905865,0.248410758,1.055396747,1.947510974,0.677186915,3.250306072,0.216942577,0.417760885
7742,15.36781194,0.644104026,21.7548882,5.026603042,4.385846481,-200,1.37449039,0.231056257,0.222729529,0.938719862,2.065280538,0.885264997,5.250493097,0.568870523,0.155148968
9467,30.75239117,0.26758907,80.42933556,1.790553611,0.943206674,2.761114002,1.970769553,0.022262444,0.034687631,1.777575348,1.562564057,0.535533232,11.46097776,0.52232702,0.361423509
10034,10.79491243,0.135787311,16.52210391,1.697334961,0.333883071,8.759622033,1.276002415,0.102731164,0.104471604,2.094955802,1.477337039,0.25210731,4.9678627,0.162030786,0.150384615
5584,14.54621181,0.347019374,19.74536486,5.497204665,1.846216148,4.264652015,1.884710404,0.278404816,0.146130952,3.249184851,1.307769501,0.183090859,2.32842993,0.362633197,-0.189983919
1519,18.04307116,0.22010254,21.66741573,100,1.121506593,18.09803922,1.246419595,5,0.14735469,100,1.009840664,0.200043882,7.384321074,0.145721204,1.109090909
1731,21.88522883,0.093976386,36.79101194,1.6137356,1.990161314,7.685229578,4.027624272,0.043862224,0.051260767,0.489545686,3.042710268,1.781500438,4.613861409,0.555435885,0.435248095
5171,-0.283767507,0.141185213,0.076195549,0.029690905,0.067343645,-58.46153846,2.250974659,0.389667186,0.166007905,0.427321918,3.340156114,1.372319688,0.725454324,0.460322798,0.059916117
2461,-55.56482652,-0.034031348,-154.4330746,1.906295988,4.278993211,800,6.446587384,-0.012343832,0,0.115150793,9.684264988,4.534488108,6.149461086,0.679121592,0.845991561
1504,9.781714486,0.209998233,16.62342879,2.354478328,1.443510318,5.432326464,3.882295762,0.141636142,0.146710746,1.109722091,1.901126515,1.837718403,3.45375688,0.265580043,0.593632959
1257,6.034186343,0.247783022,15.85058768,1.799308785,1.262959781,-200,2.291679786,0.11351685,0.184241074,0.615576368,2.62449381,1.117049748,12.53200376,0.355876986,-0.7519805
5443,11.94256615,0.414289499,11.75729039,6.701930468,0.955733717,4.458461538,1.732595917,0.570023385,0.161041281,6.478187292,1.154364169,0.213285904,11.19646101,0.390437473,0
8376,8.984905605,0.20006799,13.3437818,1.846624904,1.270504344,2.947830778,3.628638188,0.138388422,0.153723371,0.664611196,2.504639112,0.92844686,8.463245724,0.437403055,-0.22589053
9340,12.42292062,0.103730921,12.51419615,2.404485411,3.166422919,3.306306306,0.538702111,0.19214062,0.099715761,2.870592989,1.348360079,0.088871514,0.249950123,0.800851403,0.065465981
6455,9.168234592,0.400338529,15.32067311,1.526030568,0.488513893,133.672849,1.466475846,0.099605974,0.128104548,0.865334892,2.155621955,0.417626074,36.47385932,0.150216093,-0.003010537
6970,99.30938776,0.047268908,92.81607477,2.959272944,1.21424624,-200,2.089116143,0.031883194,0.02759009,0.466328963,3.144408946,0.145361578,5.991941392,0.313730285,1.430432208
209,15.79775524,0.139351193,16.77724423,1.291833739,1.182054679,2.48786696,1.249506477,0.076999162,0.068305487,1.475448582,1.677759979,0.178304084,0.930510182,0.32179736,-0.290314204
7010,7.816632489,0.454406365,9.555107853,1.331163822,0.681488275,6.292372881,1.858031467,0.139314369,0.12729989,1.253975201,1.797463937,0.222100256,14.50704225,0.110903659,-0.108980827
2198,8.310898231,0.457555371,8.548729173,3.364945531,0.673318431,4.262676056,1.145291077,0.393619386,0.190220439,5.239662072,1.190852003,0.050438301,4.497149145,0.274300458,0.470588235
171,8.629220114,0.341875433,16.0201653,3.649419219,0.948083453,800,2.037394337,0.227801596,0.339463135,0.754694163,2.325040061,0.886206517,14.74753508,0.224685373,-0.222822563
2600,12.956057,0.969949021,18.71706853,13.16573657,2.797729758,46.94805195,1.058627396,0.703408044,0.465693431,2.418483267,1.41348229,0.166712976,4.359215017,0.587721015,-0.045999511
1468,-34.81219603,-0.235993304,-22.47642982,21.70796835,7.879435395,-1.509468994,3.973990217,-0.965810341,0,2.107031369,1.474601382,2.708546661,27.5108466,0.84268269,1.938388626
11670,-9.190497602,-0.086657622,-7.064773452,0.859825579,0.154011797,-10.16496846,1.922718616,-0.121706037,0,1.087365606,1.919653881,0.07273812,8.308759299,0.338828538,0
8555,20.31595918,0.059809604,17.12756995,1.736757331,2.830050929,2.894638431,0.800224202,0.101401269,0.051013645,1.905904194,1.524685345,0.022650709,0.263641929,0.771073037,0
7039,17.84166961,0.558637607,47.71384915,-50,1.871241302,9.095238095,1.381736172,-3.287356322,0.176868138,0,0.987078294,0.226398671,8.839480519,0.108682025,-0.087371848
1645,23.96918164,0.228400663,29.96951567,3.635615099,6.251392178,2.253573539,0.071634343,0.121310439,0.185584468,2.598201201,1.384881663,0.009757447,0.174699445,0.873188372,-0.205479452
2683,59.49730807,0.053865527,25.96429795,3.994665017,6.567948352,2.351333639,0.940975401,0.153852225,0.03501031,1.767314215,1.565830338,0.033003017,0.241292633,0.829374768,-0.181619256
3345,49.91529206,0.04102069,64.14574828,2.913471506,11.21408075,2.542276386,0.357227941,0.045419558,0.04259135,0.814259773,2.228109301,0.24879597,0.154724549,0.655422353,-0.072038238
3059,65.37072876,0.022641014,82.10127179,1.658505812,1.383760791,-200,3.389137605,0.020200732,0.017765657,0.359856587,3.778884799,1.428007814,20.56854997,0.349653625,0.044705882
7479,107.4138255,0.656685057,359.7671378,2.085750458,2.303036667,3.873750234,1.173195947,0.005797501,0.018066204,0.358133289,3.792256492,0.55073905,38.54609233,1,0
7798,54.39136842,0.050941307,31.77744,1.426276481,0.43578497,1.483870968,2.34519573,0.044883303,0.021372328,1.1005386,1.908646003,0.085409253,24.80272109,0.159626988,0.071600481
1501,22.64116489,-0.689131078,29.54376495,-18.37490222,9.922269134,71.17019134,0.312869321,-0.621955335,0,0,0.487378274,0.218203376,36.04044776,0.901714906,0.408995984
5886,9.803176203,0.627882948,12.63436821,7.455693093,1.771679908,42.32587065,1.35924784,0.590112063,0.253940647,3.791210723,1.263767982,0.388134322,6.760254148,0.457262503,0.279332701
4219,52.3569048,0.081496907,132.012704,3.257221785,7.040652564,1.820462048,1.809822536,0.024673548,0.043123786,0.979485802,2.020943845,1.159369584,0.464993408,0.497954642,0.079157003
6570,17.26952504,0.268287781,32.28740529,2.057519766,1.512906839,2.236180905,1.22884451,0.063725151,0.074544754,2.409503359,1.415023285,0.084466548,2.802055088,0.446317612,0.369668422
12279,18.90040258,1.428915589,20.13994616,2.623942462,4.331623905,11.88099146,1.376212111,0.130285475,0.10978058,0.520475911,2.921318508,0.497804553,7.900296587,0.734093098,0.651650312
10100,8.361777637,0.112051082,10.91968939,2.020783176,0.211586889,2.019839846,2.069783425,0.185058668,0.119554069,3.99061519,1.25058793,0.473740613,11.08040746,0.0764383,-0.259099321
11732,-69.98541438,-0.138728934,-79.32040395,8.4034442,7.969646151,60.43678161,3.793423566,-0.105943033,0,0.251402142,4.97769085,3.465464479,13.19979482,0.639252128,1.261647727
8789,12.24161715,0.45720033,19.01325845,4.037925705,4.561965078,15.75247525,2.760287486,0.212374208,0.205904656,0.827183501,2.208921598,2.032694476,12.46832342,0.764246814,-0.124013885
10212,186.0990283,0.029964339,-149.7700561,2.918471713,2.676492444,0.401605183,0.828308685,-0.01948635,0.013344741,1.004943445,1.995080872,0.309796326,1.770353379,0.617828076,-0.238372093
10681,17.31729556,0.19472332,29.21803902,13.84296254,1.976337809,3.193152319,1.929548882,0.473781369,0.144259557,7.530336673,1.132796187,1.068092692,1.357613077,0.36745579,0.317866667
10162,12.51873712,0.07202473,13.42488515,1.406303991,1.131150342,3,1.210987261,0.104753521,0.069846835,2.54870892,1.392355515,0.128980892,0.448834746,0.432381402,-0.027281999
1289,13.59439073,0.088702755,17.6894149,1.744552909,1.904175252,5.266919589,0.542339389,0.09862129,0.078389581,1.840578603,1.543307413,0.024811595,0.393910704,0.557334595,0.424862888
12351,14.73925844,0.399098241,17.98450993,6.849205147,3.879779716,49.6354717,2.97129012,0.380839132,0.260745109,1.247403554,1.801665184,1.5973343,7.105335521,0.603067992,0.376145261
11925,13.56027653,-1.365076014,22.07211059,3.853790838,0.837913871,12.1180881,0.687870543,0.174600015,0.175018353,2.055811292,1.486425969,0.269532202,31.32350449,0.234721922,0.4083125
829,7.655581827,0.251120873,10.67402204,2.062675409,3.280987179,9.180463576,3.520395738,0.193242566,0.160391158,0.81615436,2.225258418,2.651750381,2.726005071,0.852521092,0.313208284
7839,12.94795583,0.125363072,19.35944818,1.323489952,1.873149096,-200,4.252997263,0.068364033,0.066651969,0.173297477,6.770424451,3.156815071,8.495647115,0.528661598,0.474383302
4093,5.032684145,0.363250986,11.33625868,1.485872092,0.348599183,84.3625158,1.481610664,0.131072529,0.155693992,1.431289575,1.698670638,0.544711731,56.78763158,0.150013419,0.009252406
12969,-20.54347364,-0.042181946,-68.77250879,1.354809679,2.912451555,13.35920926,4.489656494,-0.019699873,0,0.214041553,5.671990025,4.070480503,2.503679833,0.715598684,0.289308176
9867,18.38907284,0.226814629,25.7837115,3.80657069,4.486717071,-17.13464965,3.151356693,0.147634707,0.18768007,0.263185651,4.799599246,1.563222802,2.821548865,0.600062983,-0.1
4512,17.96460726,0.356220574,23.43055668,7.650773254,3.548253927,81.86065574,5.295381802,0.326529726,0.346451233,0.442437139,3.260208088,0.382258802,5.368836505,0.483152404,0
7308,-500,0.090933991,-32.20377049,2.092044728,0.769660441,1.475555556,1.937675463,-0.064962726,0,2.257011005,1.443063857,0.793374509,3.865219586,0.262504897,-0.197141155
3654,12.33593498,0.315398296,20.57840509,4.105492622,1.118145012,183.2748378,1.615890691,0.199504899,0.265375804,0.815107622,2.226831861,0.181262075,5.728913657,0.312875563,0.035804702
9844,9.129551973,0.349186792,14.90063953,2.559264986,1.494196951,46.45901639,2.978365385,0.171755379,0.203345304,0.507277514,2.971307564,1.258293269,7.175836714,0.586241012,0.505295834
1715,11.64112655,0.380701588,16.07715948,2.49077943,3.563108732,-200,3.46964509,0.154926586,0.169167269,0.36570028,3.734479723,1.767589539,2.673870537,0.912708791,0.224573125
6199,14.73187946,0.235142124,23.4440156,3.935593484,5.635674594,800,7.857222794,0.167871987,0.227128911,0.143589926,7.964276869,4.484217468,2.569065789,0.52450643,0.375304747
9214,21.46103956,0.036302612,20.30941128,1.793981217,12.81742951,2.809126877,0.604215299,0.088332507,0.070467095,0.576044221,2.735977836,0.328058278,0.120212058,0.723213556,0.169848585
1376,-21.4072594,-2.582705235,-14.22855695,-2.784881919,14.01811425,-11.57325422,1.541921952,0.195724832,0,0,0.506417461,1.34829166,2000,1,0
12271,83.87224997,0.206788287,264.2036228,8.092657512,5.539071263,5.883442584,3.39304393,0.030630381,0.047750688,1.283016679,1.779413094,2.469547443,10.59219379,0.954895911,0.216996259
1667,16.01302215,0.440089918,21.29931328,2.966532922,1.67523136,3.483936822,2.672772795,0.139278336,0.088632431,2.873834256,1.347967179,0.140173558,5.670637961,0.321983645,0.194557823
957,35.75141068,0.470382433,56.08906618,30.63785507,6.592977626,9.29175446,1.350724167,0.546235784,0.421418261,3.689445788,1.271043419,0.562060532,5.3750372,0.66036033,0.066246057
